Workbook

Sheet 使い方
A1: Claude Skill・サブエージェント・フック 管理表
A3: 【タブ】
A4: 一覧：状態ごとの件数と、点検が古いものの数（自動）
A5: スキル／サブエージェント／フック：1行に1つ登録する
A6: 選択肢：プルダウンの中身。ここを書き換えると選べる項目が変わる
A8: 【書き方】
A9: 黄色の行は例。書き換えるか消して使う
A10: IDはスキル SK-001、サブエージェント AG-001、フック HK-001 のように付けると、互いの列から指しやすい
A11: 状態・種類・設定場所などはプルダウンから選ぶ
A12: フックの「exit 2で止められる」は、イベントを選ぶと自動で入る（2026年10月時点の公式リファレンスより）
A13: 最終点検日は YYYY-MM-DD の日付で入れる。更新すると一覧の「90日以上たったもの」が減る
A15: 【出典】
... A17: サブエージェントの置き場所・モデル：https://docs.claude.com/en/docs/claude-code/sub-agents

Sheet 一覧
A1: 状態別の件数（自動で数えます）
A3: 状態 | B3: スキル | C3: サブエージェント | D3: フック | E3: 合計
A4: アイデア | B4: =COUNTIF(スキル!$K$2:$K$100,A4) -> 0 | C4: =COUNTIF(サブエージェント!$J$2:$J$100,A4) -> 0 | D4: =COUNTIF(フック!$K$2:$K$100,A4) -> 0 | E4: =SUM(B4:D4) -> 0
A5: 作成中 | B5: =COUNTIF(スキル!$K$2:$K$100,A5) -> 0 | C5: =COUNTIF(サブエージェント!$J$2:$J$100,A5) -> 0 | D5: =COUNTIF(フック!$K$2:$K$100,A5) -> 0 | E5: =SUM(B5:D5) -> 0
A6: テスト中 | B6: =COUNTIF(スキル!$K$2:$K$100,A6) -> 0 | C6: =COUNTIF(サブエージェント!$J$2:$J$100,A6) -> 1 | D6: =COUNTIF(フック!$K$2:$K$100,A6) -> 0 | E6: =SUM(B6:D6) -> 1
A7: 運用中 | B7: =COUNTIF(スキル!$K$2:$K$100,A7) -> 1 | C7: =COUNTIF(サブエージェント!$J$2:$J$100,A7) -> 0 | D7: =COUNTIF(フック!$K$2:$K$100,A7) -> 1 | E7: =SUM(B7:D7) -> 2
A8: 停止中 | B8: =COUNTIF(スキル!$K$2:$K$100,A8) -> 0 | C8: =COUNTIF(サブエージェント!$J$2:$J$100,A8) -> 0 | D8: =COUNTIF(フック!$K$2:$K$100,A8) -> 0 | E8: =SUM(B8:D8) -> 0
A9: 廃止 | B9: =COUNTIF(スキル!$K$2:$K$100,A9) -> 0 | C9: =COUNTIF(サブエージェント!$J$2:$J$100,A9) -> 0 | D9: =COUNTIF(フック!$K$2:$K$100,A9) -> 0 | E9: =SUM(B9:D9) -> 0
A10: 合計 | B10: =SUM(B4:B9) -> 1 | C10: =SUM(C4:C9) -> 1 | D10: =SUM(D4:D9) -> 1 | E10: =SUM(E4:E9) -> 3
A12: 点検から90日以上たったもの | B12: =COUNTIFS(スキル!$L$2:$L$100,"<"&(TODAY()-90),スキル!$L$2:$L$100,"<>") -> 0 | C12: =COUNTIFS(サブエージェント!$K$2:$K$100,"<"&(TODAY()-90),サブエージェント!$K$2:$K$100,"<>") -> 0 | D12: =COUNTIFS(フック!$L$2:$L$100,"<"&(TODAY()-90),フック!$L$2:$L$100,"<>") -> 0 | E12: =SUM(B12:D12) -> 0

Sheet 選択肢
A1: 状態 | B1: スキル種類 | C1: 起動方法 | D1: エージェント範囲 | E1: モデル | F1: 呼び出し方 | G1: フック種類 | H1: 設定場所 | I1: 失敗時 | K1: フックイベント | L1: exit 2で止められる
A2: アイデア | B2: 個人（~/.claude/skills/） | C2: 自動（descriptionで判断） | D2: プロジェクト（.claude/agents/） | E2: inherit | F2: 自動（descriptionで判断） | G2: command | H2: ~/.claude/settings.json | I2: 未設定 | K2: SessionStart | L2: いいえ
A3: 作成中 | B3: プロジェクト（.claude/skills/） | C3: スラッシュコマンド | D3: ユーザー（~/.claude/agents/） | E3: sonnet | F3: 明示して呼ぶ | G3: http | H3: ./.claude/settings.json | I3: continue | K3: Setup | L3: いいえ
A4: テスト中 | B4: プラグイン | C4: 両方 | D4: プラグイン | E4: opus | F4: 両方 | G4: mcp_tool | H4: ./.claude/settings.local.json | I4: block | K4: UserPromptSubmit | L4: はい
A5: 運用中 | B5: 組織・共有 | D5: CLI（--agents） | E5: haiku | G5: prompt | H5: 管理ポリシー | K5: UserPromptExpansion | L5: はい
A6: 停止中 | B6: claude.ai | E6: fable | G6: agent | H6: プラグイン hooks/hooks.json | K6: PreToolUse | L6: はい
A7: 廃止 | E7: フルID指定 | H7: スキルのfrontmatter | K7: PermissionRequest | L7: いいえ（JSONで判定）
H8: サブエージェントのfrontmatter | K8: PermissionDenied | L8: いいえ
K9: PostToolUse | L9: いいえ
K10: PostToolUseFailure | L10: いいえ
K11: PostToolBatch | L11: はい
K12: Notification | L12: いいえ
K13: MessageDisplay | L13: いいえ
K14: SubagentStart | L14: いいえ
K15: SubagentStop | L15: はい
K16: TaskCreated | L16: はい
K17: TaskCompleted | L17: はい
K18: Stop | L18: はい
K19: StopFailure | L19: いいえ
K20: TeammateIdle | L20: はい
... K34: SessionEnd | L34: いいえ

Sheet スキル
A1: ID | B1: スキル名（name） | C1: 説明（description） | D1: 種類 | E1: 置き場所（パス） | F1: 起動方法 | G1: 使うツール（allowed-tools） | H1: 持っているフック（フックID） | I1: 関連サブエージェント（ID） | J1: 版 | K1: 状態 | L1: 最終点検日 | M1: メモ
A2: SK-001 | B2: usausa-writing | C2: Qiita・Zenn・note・Kindleの記事を うさうさ研修工房 の文体で書く | D2: プラグイン | E2: ~/.claude/skills/usausa-writing/SKILL.md | F2: 両方 | G2: Read, Write | J2: 1.0 | K2: 運用中 | L2: 46322 | M2: 例の行（書き換えて使う）

Sheet サブエージェント
A1: ID | B1: 名前（name） | C1: 役割（description） | D1: 範囲 | E1: モデル（model） | F1: ツール（tools） | G1: 使うスキル（スキルID） | H1: 持っているフック（フックID） | I1: 呼び出し方 | J1: 状態 | K1: 最終点検日 | L1: メモ
A2: AG-001 | B2: code-reviewer | C2: コードの変更を読んで、バグと読みにくい所を指摘する（直さない） | D2: プロジェクト（.claude/agents/） | E2: inherit | F2: Read, Grep, Glob | I2: 自動（descriptionで判断） | J2: テスト中 | K2: 46322 | L2: 例の行

Sheet フック
A1: ID | B1: イベント | C1: matcher（対象） | D1: 種類（type） | E1: 実行内容（command / URL） | F1: 目的 | G1: 設定場所 | H1: exit 2で止められる（自動） | I1: 失敗時（onFailure） | J1: timeout（秒） | K1: 状態 | L1: 最終点検日 | M1: メモ
A2: HK-001 | B2: PostToolUse | C2: Edit|Write | D2: command | E2: ${CLAUDE_PROJECT_DIR}/.claude/hooks/lint.sh | F2: ファイルを書いたあとに整形チェックをする | G2: ./.claude/settings.json | H2: =IF(B2="","",IFERROR(INDEX(選択肢!$L$2:$L$34,MATCH(B2,選択肢!$K$2:$K$34,0)),"要確認")) -> いいえ | I2: 未設定 | J2: 30 | K2: 運用中 | L2: 46322 | M2: 例の行
H3: =IF(B3="","",IFERROR(INDEX(選択肢!$L$2:$L$34,MATCH(B3,選択肢!$K$2:$K$34,0)),"要確認"))
H4: =IF(B4="","",IFERROR(INDEX(選択肢!$L$2:$L$34,MATCH(B4,選択肢!$K$2:$K$34,0)),"要確認"))
H5: =IF(B5="","",IFERROR(INDEX(選択肢!$L$2:$L$34,MATCH(B5,選択肢!$K$2:$K$34,0)),"要確認"))
H6: =IF(B6="","",IFERROR(INDEX(選択肢!$L$2:$L$34,MATCH(B6,選択肢!$K$2:$K$34,0)),"要確認"))
H7: =IF(B7="","",IFERROR(INDEX(選択肢!$L$2:$L$34,MATCH(B7,選択肢!$K$2:$K$34,0)),"要確認"))
H8: =IF(B8="","",IFERROR(INDEX(選択肢!$L$2:$L$34,MATCH(B8,選択肢!$K$2:$K$34,0)),"要確認"))
H9: =IF(B9="","",IFERROR(INDEX(選択肢!$L$2:$L$34,MATCH(B9,選択肢!$K$2:$K$34,0)),"要確認"))
H10: =IF(B10="","",IFERROR(INDEX(選択肢!$L$2:$L$34,MATCH(B10,選択肢!$K$2:$K$34,0)),"要確認"))
H11: =IF(B11="","",IFERROR(INDEX(選択肢!$L$2:$L$34,MATCH(B11,選択肢!$K$2:$K$34,0)),"要確認"))
H12: =IF(B12="","",IFERROR(INDEX(選択肢!$L$2:$L$34,MATCH(B12,選択肢!$K$2:$K$34,0)),"要確認"))
H13: =IF(B13="","",IFERROR(INDEX(選択肢!$L$2:$L$34,MATCH(B13,選択肢!$K$2:$K$34,0)),"要確認"))
H14: =IF(B14="","",IFERROR(INDEX(選択肢!$L$2:$L$34,MATCH(B14,選択肢!$K$2:$K$34,0)),"要確認"))
... H100: =IF(B100="","",IFERROR(INDEX(選択肢!$L$2:$L$34,MATCH(B100,選択肢!$K$2:$K$34,0)),"要確認"))
