Workbook

Sheet サマリ
A1: 社別サマリ（自動集計）
A2: 基準日 | B2: 46319
A4: 社名 | B4: 案件 | C4: 案件の状態 | D4: 担当 | E4: タスク数 | F4: 完了 | G4: 期限超過 | H4: 直近（3日以内） | I4: 完了率 | J4: 次の一手
A5: A社（架空） | B5: 基幹システム改修 | C5: 進行中 | D5: 田中（PM） | E5: =COUNTIF(タスク!$B$2:$B$200,A5) -> 4 | F5: =COUNTIFS(タスク!$B$2:$B$200,A5,タスク!$G$2:$G$200,"完了") -> 1 | G5: =COUNTIFS(タスク!$B$2:$B$200,A5,タスク!$I$2:$I$200,"期限超過") -> 0 | H5: =COUNTIFS(タスク!$B$2:$B$200,A5,タスク!$I$2:$I$200,"直近") -> 2 | I5: =IFERROR(F5/E5,0) -> 0.25 | J5: 承認フローの確認MTG
A6: B社（架空） | B6: Webサイト刷新 | C6: 提案中 | D6: 佐藤（営業） | E6: =COUNTIF(タスク!$B$2:$B$200,A6) -> 2 | F6: =COUNTIFS(タスク!$B$2:$B$200,A6,タスク!$G$2:$G$200,"完了") -> 0 | G6: =COUNTIFS(タスク!$B$2:$B$200,A6,タスク!$I$2:$I$200,"期限超過") -> 1 | H6: =COUNTIFS(タスク!$B$2:$B$200,A6,タスク!$I$2:$I$200,"直近") -> 0 | I6: =IFERROR(F6/E6,0) -> 0 | J6: 見積書の提出
A7: C社（架空） | B7: データ分析基盤 | C7: 進行中 | D7: 鈴木（分析） | E7: =COUNTIF(タスク!$B$2:$B$200,A7) -> 2 | F7: =COUNTIFS(タスク!$B$2:$B$200,A7,タスク!$G$2:$G$200,"完了") -> 0 | G7: =COUNTIFS(タスク!$B$2:$B$200,A7,タスク!$I$2:$I$200,"期限超過") -> 0 | H7: =COUNTIFS(タスク!$B$2:$B$200,A7,タスク!$I$2:$I$200,"直近") -> 1 | I7: =IFERROR(F7/E7,0) -> 0 | J7: 集計定義の合意
A8: D社（架空） | B8: 社内ポータル改善 | C8: 保留 | D8: 高橋（開発） | E8: =COUNTIF(タスク!$B$2:$B$200,A8) -> 1 | F8: =COUNTIFS(タスク!$B$2:$B$200,A8,タスク!$G$2:$G$200,"完了") -> 0 | G8: =COUNTIFS(タスク!$B$2:$B$200,A8,タスク!$I$2:$I$200,"期限超過") -> 0 | H8: =COUNTIFS(タスク!$B$2:$B$200,A8,タスク!$I$2:$I$200,"直近") -> 0 | I8: =IFERROR(F8/E8,0) -> 0 | J8: 再開可否の確認
A9: E社（架空） | B9: 研修カリキュラム制作 | C9: 完了間近 | D9: 伊藤（教材） | E9: =COUNTIF(タスク!$B$2:$B$200,A9) -> 3 | F9: =COUNTIFS(タスク!$B$2:$B$200,A9,タスク!$G$2:$G$200,"完了") -> 0 | G9: =COUNTIFS(タスク!$B$2:$B$200,A9,タスク!$I$2:$I$200,"期限超過") -> 0 | H9: =COUNTIFS(タスク!$B$2:$B$200,A9,タスク!$I$2:$I$200,"直近") -> 2 | I9: =IFERROR(F9/E9,0) -> 0 | J9: 最終レビューの依頼
A10: 合計 | E10: =SUM(E5:E9) -> 12 | F10: =SUM(F5:F9) -> 1 | G10: =SUM(G5:G9) -> 1 | H10: =SUM(H5:H9) -> 5 | I10: =IFERROR(F10/E10,0) -> 0.083333333

Sheet 使い方
A1: 案件タスク管理（5社・サンプル）
A3: ・社名・人名・数値はすべて架空です。
A4: ・「サマリ」の基準日を変えると、残日数と判定が更新されます。
A5: ・黄色のセルに入力します（状態は一覧から選択）。
A6: ・期限超過＝期限が基準日より前で、状態が完了以外。直近＝残り3日以内。
A7: ・シート：サマリ（社別の集計）、案件一覧（5社）、タスク（全件）、顧客窓口（役割のみ）。
A8: ・個人の連絡先は入れていません（窓口は役割で書く）。

Sheet 案件一覧
A1: 社名 | B1: 案件 | C1: 状態 | D1: 担当（役割） | E1: 次の期限 | F1: 次の一手
A2: A社（架空） | B2: 基幹システム改修 | C2: 進行中 | D2: 田中（PM） | E2: 2026-10-28 | F2: 承認フローの確認MTG
A3: B社（架空） | B3: Webサイト刷新 | C3: 提案中 | D3: 佐藤（営業） | E3: 2026-10-30 | F3: 見積書の提出
A4: C社（架空） | B4: データ分析基盤 | C4: 進行中 | D4: 鈴木（分析） | E4: 2026-11-05 | F4: 集計定義の合意
A5: D社（架空） | B5: 社内ポータル改善 | C5: 保留 | D5: 高橋（開発） | E5: 2026-11-12 | F5: 再開可否の確認
A6: E社（架空） | B6: 研修カリキュラム制作 | C6: 完了間近 | D6: 伊藤（教材） | E6: 2026-10-26 | F6: 最終レビューの依頼

Sheet タスク
A1: ID | B1: 社名 | C1: タスク | D1: 担当 | E1: 期限 | F1: 優先度 | G1: 状態 | H1: 残日数 | I1: 判定 | J1: 出典・備考
A2: T-001 | B2: A社（架空） | C2: 承認者の一覧を確認 | D2: 田中（PM） | E2: 46322 | F2: 高 | G2: 完了 | H2: =IF(E2="","",E2-サマリ!$B$2) -> 3 | I2: =IF(OR(G2="完了",E2=""),"",IF(H2<0,"期限超過",IF(H2<=3,"直近","")))
A3: T-002 | B3: A社（架空） | C3: 承認段階案の資料を仕上げる | D3: 佐藤（業務） | E3: 46321 | F3: 高 | G3: 進行中 | H3: =IF(E3="","",E3-サマリ!$B$2) -> 2 | I3: =IF(OR(G3="完了",E3=""),"",IF(H3<0,"期限超過",IF(H3<=3,"直近",""))) -> 直近
A4: T-003 | B4: A社（架空） | C4: 金額区分の上限値を確認 | D4: 要確認 | E4: 46320 | F4: 高 | G4: 未着手 | H4: =IF(E4="","",E4-サマリ!$B$2) -> 1 | I4: =IF(OR(G4="完了",E4=""),"",IF(H4<0,"期限超過",IF(H4<=3,"直近",""))) -> 直近 | J4: 写真メモ（数字要確認）
A5: T-004 | B5: A社（架空） | C5: テストケースを作る | D5: 鈴木（QA） | E5: 46329 | F5: 中 | G5: 未着手 | H5: =IF(E5="","",E5-サマリ!$B$2) -> 10 | I5: =IF(OR(G5="完了",E5=""),"",IF(H5<0,"期限超過",IF(H5<=3,"直近","")))
A6: T-005 | B6: B社（架空） | C6: 見積書のドラフトを作る | D6: 佐藤（営業） | E6: 46324 | F6: 高 | G6: 進行中 | H6: =IF(E6="","",E6-サマリ!$B$2) -> 5 | I6: =IF(OR(G6="完了",E6=""),"",IF(H6<0,"期限超過",IF(H6<=3,"直近","")))
A7: T-006 | B7: B社（架空） | C7: 要件の聞き取りを予約する | D7: 佐藤（営業） | E7: 46318 | F7: 中 | G7: 未着手 | H7: =IF(E7="","",E7-サマリ!$B$2) -> -1 | I7: =IF(OR(G7="完了",E7=""),"",IF(H7<0,"期限超過",IF(H7<=3,"直近",""))) -> 期限超過 | J7: 日程は未確定
A8: T-007 | B8: C社（架空） | C8: 集計の定義（売上の扱い）を合意 | D8: 鈴木（分析） | E8: 46319 | F8: 高 | G8: 進行中 | H8: =IF(E8="","",E8-サマリ!$B$2) -> 0 | I8: =IF(OR(G8="完了",E8=""),"",IF(H8<0,"期限超過",IF(H8<=3,"直近",""))) -> 直近
A9: T-008 | B9: C社（架空） | C9: データの取り込み方法を決める | D9: 高橋（開発） | E9: 46332 | F9: 中 | G9: 未着手 | H9: =IF(E9="","",E9-サマリ!$B$2) -> 13 | I9: =IF(OR(G9="完了",E9=""),"",IF(H9<0,"期限超過",IF(H9<=3,"直近","")))
A10: T-009 | B10: D社（架空） | C10: 再開の可否を確認 | D10: 高橋（開発） | E10: 46338 | F10: 低 | G10: 保留 | H10: =IF(E10="","",E10-サマリ!$B$2) -> 19 | I10: =IF(OR(G10="完了",E10=""),"",IF(H10<0,"期限超過",IF(H10<=3,"直近",""))) | J10: 経営判断待ち
A11: T-010 | B11: E社（架空） | C11: 最終レビューを依頼 | D11: 伊藤（教材） | E11: 46321 | F11: 高 | G11: 進行中 | H11: =IF(E11="","",E11-サマリ!$B$2) -> 2 | I11: =IF(OR(G11="完了",E11=""),"",IF(H11<0,"期限超過",IF(H11<=3,"直近",""))) -> 直近
A12: T-011 | B12: E社（架空） | C12: 誤字・表記の最終チェック | D12: 要確認 | E12: 46322 | F12: 中 | G12: 未着手 | H12: =IF(E12="","",E12-サマリ!$B$2) -> 3 | I12: =IF(OR(G12="完了",E12=""),"",IF(H12<0,"期限超過",IF(H12<=3,"直近",""))) -> 直近 | J12: 担当未定
A13: T-012 | B13: E社（架空） | C13: 納品物の送付 | D13: 伊藤（教材） | E13: 46325 | F13: 中 | G13: 未着手 | H13: =IF(E13="","",E13-サマリ!$B$2) -> 6 | I13: =IF(OR(G13="完了",E13=""),"",IF(H13<0,"期限超過",IF(H13<=3,"直近","")))

Sheet 顧客窓口
A1: 社名 | B1: 窓口（役割） | C1: 社内の担当（役割） | D1: 次回MTG | E1: 連絡の方法 | F1: 注意
A2: A社（架空） | B2: 情報システム部の担当者 | C2: PM | D2: 10/28 10:00（オンライン） | E2: 社内規程の連絡手段 | F2: 承認段階の方針に決裁あり
A3: B社（架空） | B3: 総務の担当者 | C3: 営業 | D3: 未定 | E3: 社内規程の連絡手段 | F3: 見積の条件を確認中
A4: C社（架空） | B4: 経営企画の担当者 | C4: 分析 | D4: 11/04（対面） | E4: 社内規程の連絡手段 | F4: 集計の定義は書面で残す
A5: D社（架空） | B5: 総務の担当者 | C5: 開発 | D5: 未定 | E5: 社内規程の連絡手段 | F5: 再開は経営判断
A6: E社（架空） | B6: 教育担当の担当者 | C6: 教材 | D6: 10/26（オンライン） | E6: 社内規程の連絡手段 | F6: 納品形式を確認
